g,mY,gY,mA,mB,mU,eP,e0,bA,bI,mBs
0.08516,0.125,3.1471,21.442057,11.689106,2.7784,3.52891,0.0057123,36.4935,19.4232,NA
